id_indicador,horizonte,valor
1.1.1.1.1,final,1
1.1.1.1.1,2027,1
1.1.1.2.1,final,1
1.1.1.2.1,2027,1
1.1.1.3.1,final,1
1.1.1.3.1,2027,1
1.1.1.3.2,final,8
1.1.1.3.2,2027,1
1.1.1.3.2,2030,3
1.1.1.3.2,2035,4
1.1.1.4.1,final,44
1.1.1.4.1,2027,12
1.1.1.4.1,2030,12
1.1.1.4.1,2035,20
1.1.2.1.1,final,1
1.1.2.1.1,2027,1
1.1.2.2.1,final,1
1.1.2.2.1,2027,1
1.1.2.3.1,final,10
1.1.2.3.1,2027,2
1.1.2.3.1,2030,3
1.1.2.3.1,2035,5
1.1.2.4.1,final,54
1.1.2.4.1,2027,6
1.1.2.4.1,2030,18
1.1.2.4.1,2035,30
1.1.2.4.2,final,1
1.1.2.4.2,2027,1
1.1.2.5.1,final,36
1.1.2.5.1,2027,4
1.1.2.5.1,2030,12
1.1.2.5.1,2035,20
1.1.2.5.2,final,1
1.1.2.5.2,2027,1
1.1.3.1.1,final,1
1.1.3.1.1,2027,1
1.1.3.2.1,final,1
1.1.3.2.1,2027,1
1.1.3.3.1,final,60
1.1.3.3.1,2027,12
1.1.3.3.1,2030,18
1.1.3.3.1,2035,30
1.1.4.1.1,final,1
1.1.4.1.1,2030,1
1.1.4.2.1,final,3
1.1.4.2.1,2027,1
1.1.4.2.1,2030,1
1.1.4.2.1,2035,1
1.1.4.3.1,final,10
1.1.4.3.1,2027,2
1.1.4.3.1,2030,3
1.1.4.3.1,2035,5
1.1.4.4.1,final,10
1.1.4.4.1,2027,2
1.1.4.4.1,2030,3
1.1.4.4.1,2035,5
1.1.5.1.1,final,0.5
1.1.5.1.1,2030,0.5
1.1.5.2.1,final,1
1.1.5.2.1,2027,1
1.1.5.2.2,final,10
1.1.5.2.2,2030,10
1.1.5.3.1,final,32
1.1.5.3.1,2030,12
1.1.5.3.1,2035,20
1.1.6.1.1,final,10
1.1.6.1.1,2027,2
1.1.6.1.1,2030,3
1.1.6.1.1,2035,5
1.1.6.1.2,final,300
1.1.6.1.2,2027,60
1.1.6.1.2,2030,90
1.1.6.1.2,2035,150
1.2.1.1.1,final,1
1.2.1.1.1,2027,1
1.2.1.1.1,2030,1
1.2.1.1.1,2035,1
1.2.1.2.1,final,1
1.2.1.2.1,2027,1
1.2.1.3.1,final,1
1.2.1.3.1,2030,1
1.2.1.3.2,final,6
1.2.1.3.2,2030,1
1.2.1.3.2,2035,5
1.2.2.1.1,final,1
1.2.2.1.1,2027,1
1.2.2.2.1,final,0.8
1.2.2.2.1,2027,0.8
1.2.2.3.1,final,1000
1.2.2.3.1,2027,200
1.2.2.3.1,2030,300
1.2.2.3.1,2035,500
1.2.2.3.2,final,36
1.2.2.3.2,2027,4
1.2.2.3.2,2030,12
1.2.2.3.2,2035,20
1.2.3.1.1,final,1
1.2.3.1.1,2027,1
1.2.3.1.2,final,18
1.2.3.1.2,2027,2
1.2.3.1.2,2030,6
1.2.3.1.2,2035,10
1.2.3.2.1,final,1
1.2.3.2.1,2027,1
1.2.3.2.2,final,8
1.2.3.2.2,2030,3
1.2.3.2.2,2035,5
1.2.3.3.1,final,1
1.2.3.3.1,2027,1
1.2.3.4.1,final,16
1.2.3.4.1,2030,6
1.2.3.4.1,2035,10
1.2.3.4.2,final,4800
1.2.3.4.2,2030,1800
1.2.3.4.2,2035,3000
1.3.1.1.1,final,1
1.3.1.1.1,2027,1
1.3.1.2.1,final,3
1.3.1.2.1,2027,1
1.3.1.2.1,2030,1
1.3.1.2.1,2035,1
1.3.1.2.2,final,3
1.3.1.2.2,2027,1
1.3.1.2.2,2030,1
1.3.1.2.2,2035,1
1.3.1.3.1,final,4
1.3.1.3.1,2027,4
1.3.1.3.2,final,1
1.3.1.3.2,2030,1
1.3.1.4.1,final,20
1.3.1.4.1,2027,4
1.3.1.4.1,2030,6
1.3.1.4.1,2035,10
1.3.1.5.1,final,3
1.3.1.5.1,2027,1
1.3.1.5.1,2030,1
1.3.1.5.1,2035,1
1.3.2.1.1,final,1
1.3.2.1.1,2027,1
1.3.2.2.1,final,1
1.3.2.2.1,2027,1
1.3.2.2.2,final,60
1.3.2.2.2,2027,12
1.3.2.2.2,2030,18
1.3.2.2.2,2035,30
1.3.2.3.1,final,30
1.3.2.3.1,2030,30
1.3.2.4.1,final,20
1.3.2.4.1,2030,20
1.3.2.5.1,final,1
1.3.2.5.1,2027,1
1.3.3.1.1,final,6
1.3.3.1.1,2027,2
1.3.3.1.1,2030,2
1.3.3.1.1,2035,2
1.3.3.2.1,final,10
1.3.3.2.1,2027,2
1.3.3.2.1,2030,3
1.3.3.2.1,2035,5
1.3.4.1.1,final,1
1.3.4.1.1,2027,1
1.3.4.2.1,final,1
1.3.4.2.1,2027,1
1.3.4.3.1,final,1
1.3.4.3.1,2027,1
1.3.4.4.1,final,1
1.3.4.4.1,2027,1
1.3.4.5.1,final,1
1.3.4.5.1,2030,1
2.1.1.1.1,final,1
2.1.1.1.1,2027,1
2.1.1.1.2,final,8
2.1.1.1.2,2030,3
2.1.1.1.2,2035,5
2.1.1.2.1,final,1
2.1.1.2.1,2030,1
2.1.1.3.1,final,1
2.1.1.3.1,2030,1
2.1.2.1.1,final,1
2.1.2.1.1,2027,1
2.1.2.2.1,final,9
2.1.2.2.1,2027,1
2.1.2.2.1,2030,3
2.1.2.2.1,2035,5
2.1.2.3.1,final,44
2.1.2.3.1,2027,12
2.1.2.3.1,2030,12
2.1.2.3.1,2035,20
2.1.3.1.1,final,1
2.1.3.1.1,2027,1
2.1.3.2.1,final,1
2.1.3.2.1,2027,1
2.1.3.3.1,final,1
2.1.3.3.1,2035,1
2.1.4.1.1,final,1
2.1.4.1.1,2027,1
2.1.4.2.1,final,1
2.1.4.2.1,2027,1
2.1.4.3.1,final,1
2.1.4.3.1,2027,1
2.1.4.4.1,final,1
2.1.4.4.1,2027,1
2.1.4.5.1,final,1
2.1.4.5.1,2027,1
2.1.5.1.1,final,1
2.1.5.1.1,2027,1
2.1.5.2.1,final,1
2.1.5.2.1,2030,1
2.1.5.3.1,final,8
2.1.5.3.1,2030,3
2.1.5.3.1,2035,5
2.2.1.1.1,final,1
2.2.1.1.1,2027,1
2.2.1.2.1,final,1
2.2.1.2.1,2030,1
2.2.1.3.1,final,1
2.2.1.3.1,2027,1
2.2.1.4.1,final,1
2.2.1.4.1,2030,1
2.2.1.5.1,final,1
2.2.1.5.1,2027,1
2.2.1.6.1,final,1
2.2.1.6.1,2035,1
2.2.1.7.1,final,1
2.2.1.7.1,2035,1
2.2.1.8.1,final,1
2.2.1.8.1,2027,1
2.2.2.1.1,final,1
2.2.2.1.1,2027,1
2.2.2.2.1,final,1
2.2.2.2.1,2027,1
2.3.1.1.1,final,9
2.3.1.1.1,2027,1
2.3.1.1.1,2030,3
2.3.1.1.1,2035,5
2.3.1.2.1,final,72
2.3.1.2.1,2030,12
2.3.1.2.1,2035,60
2.3.1.3.1,final,10
2.3.1.3.1,2027,2
2.3.1.3.1,2030,3
2.3.1.3.1,2035,5
2.3.1.4.1,final,1
2.3.1.4.1,2027,1
2.3.2.1.1,final,18
2.3.2.1.1,2027,2
2.3.2.1.1,2030,6
2.3.2.1.1,2035,10
2.3.2.2.1,final,6
2.3.2.2.1,2030,1
2.3.2.2.1,2035,5
2.3.3.1.1,final,1
2.3.3.1.1,2027,1
2.3.3.2.1,final,8
2.3.3.2.1,2030,3
2.3.3.2.1,2035,5
2.3.3.3.1,final,1
2.3.3.3.1,2030,1
2.3.3.4.1,final,8
2.3.3.4.1,2030,3
2.3.3.4.1,2035,5
2.3.4.1.1,final,9
2.3.4.1.1,2027,1
2.3.4.1.1,2030,3
2.3.4.1.1,2035,5
2.3.4.2.1,final,1
2.3.4.2.1,2027,1
2.3.5.1.1,final,1
2.3.5.1.1,2027,1
2.3.5.2.1,final,72
2.3.5.2.1,2027,36
2.3.5.2.1,2030,36
2.3.5.3.1,final,1
2.3.5.3.1,2027,1
2.3.5.4.1,final,1
2.3.5.4.1,2035,1
2.3.5.5.1,final,1
2.3.5.5.1,2030,1
3.1.1.1.1,final,1
3.1.1.1.1,2027,1
3.1.1.2.1,final,1
3.1.1.2.1,2030,1
3.1.1.3.1,final,0.8
3.1.1.3.1,2030,0.8
3.1.1.3.2,final,1
3.1.1.3.2,2030,1
3.1.1.3.3,final,1
3.1.1.3.3,2027,0.25
3.1.1.3.3,2030,0.5
3.1.1.3.3,2035,1
3.1.2.1.1,final,1
3.1.2.1.1,2027,1
3.1.2.2.1,final,1
3.1.2.2.1,2027,1
3.1.2.3.1,final,1
3.1.2.3.1,2027,1
3.1.2.3.2,final,1
3.1.2.3.2,2030,1
3.1.2.4.1,final,16
3.1.2.4.1,2030,6
3.1.2.4.1,2035,10
3.1.3.1.1,final,1
3.1.3.1.1,2027,1
3.1.3.2.1,final,1
3.1.3.2.1,2027,1
3.1.3.3.1,final,1
3.1.3.3.1,2030,1
3.1.3.4.1,final,1
3.1.3.4.1,2030,1
3.1.3.4.2,final,1
3.1.3.4.2,2030,1
3.1.3.5.1,final,12
3.1.3.5.1,2030,2
3.1.3.5.1,2035,10
3.1.4.1.1,final,1
3.1.4.1.1,2027,1
3.1.4.2.1,final,1
3.1.4.2.1,2027,1
3.1.4.3.1,final,1
3.1.4.3.1,2030,1
3.1.4.4.1,final,1
3.1.4.4.1,2030,1
3.1.4.4.2,final,1
3.1.4.4.2,2030,1
3.1.4.5.1,final,12
3.1.4.5.1,2030,2
3.1.4.5.1,2035,10
3.1.5.1.1,final,1
3.1.5.1.1,2027,1
3.1.5.2.1,final,1
3.1.5.2.1,2027,1
3.1.5.3.1,final,1
3.1.5.3.1,2030,1
3.1.5.4.1,final,1
3.1.5.4.1,2035,1
3.1.6.1.1,final,1
3.1.6.1.1,2027,1
3.1.6.2.1,final,1
3.1.6.2.1,2027,1
3.2.1.1.1,final,1
3.2.1.1.1,2027,1
3.2.1.2.1,final,1
3.2.1.2.1,2027,1
3.2.1.3.1,final,1
3.2.1.3.1,2027,1
3.2.1.4.1,final,1
3.2.1.4.1,2027,1
3.2.1.5.1,final,0
3.2.1.5.1,2030,5
3.2.1.6.1,final,1
3.2.1.6.1,2030,1
3.2.1.7.1,final,6
3.2.1.7.1,2030,1
3.2.1.7.1,2035,5
3.2.1.8.1,final,6
3.2.1.8.1,2030,1
3.2.1.8.1,2035,5
3.2.2.1.1,final,1
3.2.2.1.1,2027,1
3.2.2.2.1,final,1
3.2.2.2.1,2027,1
3.2.2.3.1,final,1
3.2.2.3.1,2027,0.25
3.2.2.3.1,2030,0.5
3.2.2.3.1,2035,1
3.2.2.4.1,final,10
3.2.2.4.1,2027,2
3.2.2.4.1,2030,3
3.2.2.4.1,2035,5
3.2.3.1.1,final,1
3.2.3.1.1,2027,1
3.2.3.2.1,final,1
3.2.3.2.1,2027,1
3.2.3.3.1,final,1
3.2.3.3.1,2027,1
3.2.3.4.1,final,150
3.2.3.4.1,2030,50
3.2.3.4.1,2035,100
3.2.3.4.2,final,0.5
3.2.3.4.2,2035,0.5
3.2.3.5.1,final,1
3.2.3.5.1,2027,0.3
3.2.3.5.1,2030,0.5
3.2.3.5.1,2035,1
3.3.1.1.1,final,1
3.3.1.1.1,2030,1
3.3.1.2.1,final,1
3.3.1.2.1,2030,1
3.3.2.1.1,final,1
3.3.2.1.1,2027,1
3.3.2.2.1,final,1
3.3.2.2.1,2030,1
3.3.2.3.1,final,1
3.3.2.3.1,2030,1
3.3.2.4.1,final,1
3.3.2.4.1,2030,1
3.3.2.4.2,final,1
3.3.2.4.2,2035,1
3.3.2.5.1,final,1
3.3.2.5.1,2030,1
4.1.1.1.1,final,1
4.1.1.1.1,2027,1
4.1.1.2.1,final,11
4.1.1.2.1,2027,3
4.1.1.2.1,2030,3
4.1.1.2.1,2035,5
4.1.1.2.2,final,500
4.1.1.2.2,2035,500
4.1.1.3.1,final,22
4.1.1.3.1,2027,6
4.1.1.3.1,2030,6
4.1.1.3.1,2035,10
4.1.1.4.1,final,182
4.1.1.4.2,final,1
4.1.1.4.2,2027,1
4.1.1.5.1,final,1
4.1.1.5.1,2027,1
4.1.2.1.1,final,40
4.1.2.1.1,2030,15
4.1.2.1.1,2035,25
4.1.2.2.1,final,22
4.1.2.2.1,2027,6
4.1.2.2.1,2030,6
4.1.2.2.1,2035,10
4.1.2.3.1,final,1
4.1.2.3.1,2030,1
4.1.2.4.1,final,1
4.1.2.4.1,2030,1
4.1.3.1.1,final,1
4.1.3.1.1,2027,1
4.1.3.2.1,final,1100
4.1.3.2.1,2027,300
4.1.3.2.1,2030,300
4.1.3.2.1,2035,500
4.1.3.3.1,final,5
4.1.3.3.1,2027,5
4.1.3.3.2,final,0.5
4.1.3.3.2,2030,0.5
4.1.3.3.3,final,1
4.1.3.3.3,2027,1
4.1.4.1.1,final,1
4.1.4.1.1,2027,1
4.1.4.2.1,final,1
4.1.4.2.1,2027,1
4.1.4.3.1,final,200
4.1.4.3.1,2030,75
4.1.4.3.1,2035,125
4.1.4.4.1,final,3
4.1.4.4.1,2027,1
4.1.4.4.1,2030,1
4.1.4.4.1,2035,1
4.1.4.5.1,final,200
4.1.4.5.1,2030,75
4.1.4.5.1,2035,125
4.2.1.1.1,final,1
4.2.1.1.1,2027,1
4.2.1.1.2,final,1
4.2.1.1.2,2027,1
4.2.1.2.1,final,1
4.2.1.2.1,2030,1
4.2.2.1.1,final,1
4.2.2.1.1,2027,0.5
4.2.2.1.1,2030,1
4.2.2.2.1,final,1
4.2.2.2.1,2035,1
4.3.1.1.1,final,6
4.3.1.1.1,2027,6
4.3.1.1.2,final,1
4.3.1.1.2,2035,1
4.3.2.1.1,final,1
4.3.2.1.1,2027,1
4.3.2.1.2,final,1
4.3.2.1.2,2030,1
4.3.2.2.1,final,1
4.3.2.2.1,2027,1
4.3.2.2.2,final,1
4.3.2.2.2,2030,1
4.3.2.2.3,final,8
4.3.2.2.3,2030,3
4.3.2.2.3,2035,5
4.3.3.1.1,final,1
4.3.3.1.1,2027,1
4.3.3.2.1,final,1
4.3.3.2.1,2027,1
4.3.4.1.1,final,1
4.3.4.1.1,2027,1
4.3.4.2.1,final,1
4.3.4.2.1,2027,1
4.3.5.1.1,final,1
4.3.5.1.1,2030,1
4.3.5.2.1,final,24
4.3.5.2.1,2030,9
4.3.5.2.1,2035,15
5.1.1.1.1,final,1
5.1.1.1.1,2027,1
5.1.1.2.1,final,1
5.1.1.2.1,2027,1
5.1.1.2.2,final,0.9
5.1.1.2.2,2030,0.5
5.1.1.2.2,2035,0.9
5.1.2.1.1,final,1
5.1.2.1.1,2027,1
5.1.2.2.1,final,10
5.1.2.2.1,2027,2
5.1.2.2.1,2030,3
5.1.2.2.1,2035,5
5.1.2.3.1,final,10
5.1.2.3.1,2027,2
5.1.2.3.1,2030,3
5.1.2.3.1,2035,5
5.1.2.4.1,final,1
5.1.2.4.1,2027,1
5.1.3.1.1,final,30
5.1.3.1.1,2027,6
5.1.3.1.1,2030,9
5.1.3.1.1,2035,15
5.1.3.2.1,final,1
5.1.3.2.1,2027,1
5.1.3.2.2,final,1
5.1.3.2.2,2030,0.5
5.1.3.2.2,2035,0.5
5.2.1.1.1,final,1
5.2.1.1.1,2027,1
5.2.1.2.1,final,1
5.2.1.2.1,2027,1
5.2.1.3.1,final,20
5.2.1.3.1,2027,4
5.2.1.3.1,2030,6
5.2.1.3.1,2035,10
5.2.1.4.1,final,4
5.2.1.4.1,2027,1
5.2.1.4.1,2030,1
5.2.1.4.1,2035,2
5.2.2.1.1,final,1
5.2.2.1.1,2027,1
5.2.2.1.2,final,1
5.2.2.1.2,2030,1
5.2.2.1.3,final,1
5.2.2.1.3,2030,0.5
5.2.2.1.3,2035,0.5
5.2.2.2.1,final,1
5.2.2.2.1,2027,1
5.2.3.1.1,final,1
5.2.3.1.1,2027,1
5.2.3.2.1,final,1
5.2.3.2.1,2030,1
5.2.3.2.2,final,0.9
5.2.3.2.2,2030,0.5
5.2.3.2.2,2035,0.9
5.2.4.1.1,final,1
5.2.4.1.1,2027,1
5.2.4.1.2,final,8
5.2.4.1.2,2030,3
5.2.4.1.2,2035,5
5.2.4.2.1,final,120
5.2.4.2.1,2027,24
5.2.4.2.1,2030,36
5.2.4.2.1,2035,60
5.2.4.2.2,final,18
5.2.4.2.2,2027,2
5.2.4.2.2,2030,6
5.2.4.2.2,2035,10
5.2.4.2.3,final,90
5.2.4.2.3,2027,10
5.2.4.2.3,2030,30
5.2.4.2.3,2035,50
5.2.4.3.1,final,9
5.2.4.3.1,2027,1
5.2.4.3.1,2030,3
5.2.4.3.1,2035,5
5.2.4.3.2,final,45
5.2.4.3.2,2027,15
5.2.4.3.2,2030,15
5.2.4.3.2,2035,15
5.2.4.4.1,final,1
5.2.4.4.1,2027,1
5.2.4.4.1,2030,1
5.2.4.4.1,2035,1
5.3.1.1.1,final,1
5.3.1.1.1,2027,1
5.3.1.1.2,final,8
5.3.1.1.2,2030,3
5.3.1.1.2,2035,5
5.3.1.2.1,final,1
5.3.1.2.1,2030,1
5.3.1.2.1,2035,1
5.3.2.1.1,final,10
5.3.2.1.1,2027,3
5.3.2.1.1,2030,3
5.3.2.1.1,2035,4
5.3.2.2.1,final,1
5.3.2.2.1,2027,1
5.3.2.2.2,final,8
5.3.2.2.2,2030,3
5.3.2.2.2,2035,5
5.3.3.1.1,final,10
5.3.3.1.1,2027,2
5.3.3.1.1,2030,3
5.3.3.1.1,2035,5
5.3.3.2.1,final,1
5.3.3.2.1,2027,1
5.3.3.2.2,final,1
5.3.3.2.2,2027,0.5
5.3.3.2.2,2030,0.75
5.3.3.2.2,2035,1
6.1.1.1.1,final,1
6.1.1.1.1,2027,1
6.1.1.2.1,final,1
6.1.1.2.1,2027,1
6.1.1.3.1,final,1
6.1.1.3.1,2027,1
6.1.2.1.1,final,1
6.1.2.1.1,2027,1
6.1.2.1.2,final,2
6.1.2.1.2,2027,2
6.1.2.2.1,final,1
6.1.2.2.1,2030,1
6.1.2.2.2,final,2
6.1.2.2.2,2035,2
6.1.2.2.3,final,1
6.1.2.2.3,2030,1
6.1.2.3.1,final,1
6.1.2.3.1,2027,1
6.1.2.4.1,final,10
6.1.2.4.1,2027,2
6.1.2.4.1,2030,3
6.1.2.4.1,2035,6
6.1.3.1.1,final,1
6.1.3.1.1,2027,1
6.1.3.2.1,final,1
6.1.3.2.1,2027,1
6.1.4.1.1,final,1
6.1.4.1.1,2030,1
6.1.4.2.1,final,1
6.1.4.2.1,2027,1
6.1.4.3.1,final,32
6.1.4.3.1,2030,12
6.1.4.3.1,2035,20
6.1.4.3.2,final,1
6.1.4.3.2,2027,0.25
6.1.4.3.2,2030,0.5
6.1.4.3.2,2035,1
6.1.5.1.1,final,9
6.1.5.1.1,2030,3
6.1.5.1.1,2035,6
6.1.5.2.1,final,4
6.1.5.2.1,2030,2
6.1.5.2.1,2035,2
6.1.5.2.2,final,9
6.1.5.2.2,2030,3
6.1.5.2.2,2035,6
6.1.5.2.3,final,32
6.1.5.2.3,2030,12
6.1.5.2.3,2035,20
6.1.5.3.1,final,1
6.1.5.3.1,2027,1
6.1.6.1.1,final,16
6.1.6.1.1,2030,6
6.1.6.1.1,2035,10
6.1.6.1.2,final,8
6.1.6.1.2,2030,3
6.1.6.1.2,2035,5
6.1.6.2.1,final,1
6.1.6.2.1,2030,1
6.2.1.1.1,final,1
6.2.1.1.1,2027,1
6.2.1.2.1,final,16
6.2.1.2.1,2030,6
6.2.1.2.1,2035,10
6.2.2.1.1,final,1
6.2.2.1.1,2027,1
6.2.2.2.1,final,1
6.2.2.2.1,2027,1
6.2.2.3.1,final,1
6.2.2.3.1,2030,1
6.2.2.4.1,final,8
6.2.2.4.1,2030,3
6.2.2.4.1,2035,5
6.2.3.1.1,final,16
6.2.3.1.1,2030,6
6.2.3.1.1,2035,10
6.2.3.2.1,final,1
6.2.3.2.1,2030,1
6.2.3.2.2,final,0.25
6.2.3.2.2,2030,0.25
6.2.4.1.1,final,1
6.2.4.1.1,2030,1
6.2.4.2.1,final,1
6.2.4.2.1,2027,1
6.2.4.3.1,final,10
6.2.4.3.1,2027,2
6.2.4.3.1,2030,3
6.2.4.3.1,2035,5
6.2.5.1.1,final,1
6.2.5.1.1,2030,1
6.2.5.2.1,final,1
6.2.5.2.1,2030,1
6.2.5.3.1,final,1
6.2.5.3.1,2030,0.5
6.2.5.3.1,2035,1
6.2.6.1.1,final,1
6.2.6.1.1,2030,1
6.2.6.2.1,final,1
6.2.6.2.1,2030,1
6.2.7.1.1,final,1
6.2.7.1.1,2027,1
6.2.7.1.2,final,1
6.2.7.1.2,2027,1
6.2.7.2.1,final,1
6.2.7.2.1,2027,1
6.2.7.3.1,final,1
6.2.7.3.1,2027,1
6.3.1.1.1,final,1
6.3.1.1.1,2030,1
6.3.1.2.1,final,2
6.3.1.2.1,2030,2
6.3.2.1.1,final,2
6.3.2.1.1,2030,2
6.3.2.2.1,final,1
6.3.2.2.1,2030,1
6.3.3.1.1,final,1
6.3.3.1.1,2030,1
6.3.3.2.1,final,1
6.3.3.2.1,2030,1
6.3.3.3.1,final,1
6.3.3.3.1,2030,1
7.1.1.1.1,final,1
7.1.1.1.1,2027,1
7.1.1.2.1,final,6
7.1.1.2.1,2027,3
7.1.1.2.1,2030,3
7.1.1.3.1,final,1
7.1.1.3.1,2027,1
7.1.1.4.1,final,0.75
7.1.1.4.1,2027,0.3
7.1.1.4.1,2030,0.5
7.1.1.4.1,2035,0.75
7.1.1.5.1,final,10
7.1.1.5.1,2030,10
7.1.1.5.2,final,1
7.1.1.5.2,2035,1
7.1.2.1.1,final,1
7.1.2.1.1,2027,1
7.1.2.2.1,final,1
7.1.2.2.1,2027,1
7.1.2.3.1,final,1
7.1.2.3.1,2027,1
7.1.2.4.1,final,1
7.1.2.4.1,2027,1
7.1.2.4.2,final,0.7
7.1.2.4.2,2030,0.7
7.1.3.1.1,final,1
7.1.3.1.1,2027,1
7.1.3.2.1,final,1
7.1.3.2.1,2027,1
7.1.3.3.1,final,1
7.1.3.3.1,2030,1
7.1.4.1.1,final,1
7.1.4.1.1,2030,1
7.1.4.2.1,final,1
7.1.4.2.1,2035,1
7.1.5.1.1,final,1
7.1.5.1.1,2030,1
7.1.5.2.1,final,1
7.1.5.2.1,2030,1
7.1.6.1.1,final,1
7.1.6.1.1,2030,1
7.1.6.2.1,final,1
7.1.6.2.1,2027,1
7.1.6.3.1,final,1
7.1.6.3.1,2030,1
7.1.7.1.1,final,1
7.1.7.1.1,2030,1
7.1.7.2.1,final,1
7.1.7.2.1,2030,1
7.2.1.1.1,final,1
7.2.1.1.1,2027,1
7.2.1.2.1,final,1
7.2.1.2.1,2027,1
7.2.2.1.1,final,1
7.2.2.1.1,2027,1
7.2.2.2.1,final,1
7.2.2.2.1,2027,1
7.2.3.1.1,final,1
7.2.3.1.1,2027,1
7.3.1.1.1,final,1
7.3.1.1.1,2027,1
7.3.1.2.1,final,1
7.3.1.2.1,2027,1
7.3.1.3.1,final,16
7.3.1.3.1,2030,6
7.3.1.3.1,2035,10
7.3.2.1.1,final,1
7.3.2.1.1,2027,1
7.3.2.1.2,final,8
7.3.2.1.2,2030,3
7.3.2.1.2,2035,5
7.3.2.2.1,final,8
7.3.2.2.1,2030,3
7.3.2.2.1,2035,5
7.3.2.3.1,final,1
7.3.2.3.1,2027,1
7.3.3.1.1,final,1
7.3.3.1.1,2030,1
7.3.3.2.1,final,1
7.3.3.2.1,2035,1
8.1.1.1.1,final,1
8.1.1.1.1,2030,1
8.1.1.2.1,final,1
8.1.1.2.1,2030,1
8.1.1.3.1,final,1
8.1.1.3.1,2030,1
8.1.2.1.1,final,1
8.1.2.1.1,2027,1
8.1.2.2.1,final,1
8.1.2.2.1,2030,1
8.1.2.3.1,final,1
8.1.2.3.1,2027,1
8.1.2.4.1,final,1
8.1.2.4.1,2027,1
8.1.3.1.1,final,1
8.1.3.1.1,2027,1
8.1.3.2.1,final,1
8.1.3.2.1,2027,1
8.1.3.3.1,final,1
8.1.3.3.1,2027,1
8.1.3.4.1,final,1
8.1.3.4.1,2027,1
8.1.3.5.1,final,8
8.1.3.5.1,2030,3
8.1.3.5.1,2035,5
8.1.3.6.1,final,12
8.1.3.6.1,2030,2
8.1.3.6.1,2035,10
8.1.4.1.1,final,1
8.1.4.1.1,2030,1
8.1.4.2.1,final,1
8.1.4.2.1,2030,1
8.1.5.1.1,final,1
8.1.5.1.1,2030,1
8.1.5.2.1,final,12
8.1.5.2.1,2030,2
8.1.5.2.1,2035,10
8.2.1.1.1,final,1
8.2.1.1.1,2035,1
8.2.1.2.1,final,1
8.2.1.2.1,2030,1
8.2.2.1.1,final,1
8.2.2.1.1,2027,1
8.2.2.2.1,final,1
8.2.2.2.1,2030,1
8.2.3.1.1,final,1
8.2.3.1.1,2027,1
8.2.3.2.1,final,8
8.2.3.2.1,2030,3
8.2.3.2.1,2035,5
8.3.1.1.1,final,1
8.3.1.1.1,2027,1
8.3.1.2.1,final,1
8.3.1.2.1,2027,1
8.3.1.3.1,final,8
8.3.1.3.1,2030,3
8.3.1.3.1,2035,5
8.4.1.1.1,final,1
8.4.1.1.1,2030,1
8.4.1.2.1,final,1
8.4.1.2.1,2027,1
8.4.1.3.1,final,8
8.4.1.3.1,2030,3
8.4.1.3.1,2035,5
8.4.1.4.1,final,8
8.4.1.4.1,2030,3
8.4.1.4.1,2035,5
8.4.2.1.1,final,1
8.4.2.1.1,2027,1
8.4.2.2.1,final,1
8.4.2.2.1,2030,1
8.4.2.3.1,final,1
8.4.2.3.1,2030,1
8.4.2.4.1,final,1
8.4.2.4.1,2027,1
8.4.2.5.1,final,1
8.4.2.5.1,2030,1
8.4.2.6.1,final,1
8.4.2.6.1,2035,1
8.4.3.1.1,final,1
8.4.3.1.1,2027,1
